{"cameraMode":{"drawMode":0,"name":"Shaded","section":"Shading Mode"},"sceneLighting":false,"audioPlay":false,"sceneViewState":{"showFog":true,"showMaterialUpdate":false,"showSkybox":true,"showFlares":true,"showImageEffects":true,"showParticleSystems":true},"in2DMode":false,"pivot":{"x":44.1982421875,"y":21.719999313354493,"z":109.04559326171875},"rotation":{"x":0.1487141251564026,"y":-0.8164050579071045,"z":0.24131417274475099,"w":0.5031251311302185},"size":4.3375115394592289,"orthographic":false}