{"cameraMode":{"drawMode":0,"name":"Shaded","section":"Shading Mode"},"sceneLighting":true,"audioPlay":false,"sceneViewState":{"showFog":true,"showMaterialUpdate":false,"showSkybox":true,"showFlares":true,"showImageEffects":true,"showParticleSystems":true},"in2DMode":false,"pivot":{"x":44.1982421875,"y":21.719999313354493,"z":109.04559326171875},"rotation":{"x":0.02913905493915081,"y":-0.9348718523979187,"z":0.34485942125320437,"w":0.07899325340986252},"size":4.637511730194092,"orthographic":false}